,temp,rain,hum,year
2020-01-01,17.41,0.0,76.18,2020
2020-01-02,18.07,0.0,77.99,2020
2020-01-03,17.3,0.0,80.61,2020
2020-01-04,16.71,0.0,75.26,2020
2020-01-05,17.09,0.0,79.12,2020
2020-01-06,18.91,0.0,76.77,2020
2020-01-07,20.29,0.0,83.01,2020
2020-01-08,19.62,0.0,88.48,2020
2020-01-09,17.67,0.0,79.48,2020
2020-01-10,18.46,0.0,79.38,2020
2020-01-11,18.88,0.0,74.8,2020
2020-01-12,19.33,0.0,65.31,2020
2020-01-13,19.26,0.0,74.37,2020
2020-01-14,18.93,0.0,82.97,2020
2020-01-15,17.62,0.0,82.48,2020
2020-01-16,15.51,0.0,77.7,2020
2020-01-17,14.9,0.0,61.93,2020
2020-01-18,17.57,0.0,67.89,2020
2020-01-19,18.97,0.0,70.25,2020
2020-01-20,19.89,0.0,72.66,2020
2020-01-21,20.94,0.0,70.85,2020
2020-01-22,21.01,0.0,68.41,2020
2020-01-23,20.94,0.0,64.63,2020
2020-01-24,20.86,0.0,65.1,2020
2020-01-25,21.69,0.0,63.27,2020
2020-01-26,21.55,0.0,65.53,2020
2020-01-27,20.56,0.0,70.07,2020
2020-01-28,17.96,0.0,84.12,2020
2020-01-29,17.18,0.0,78.82,2020
2020-01-30,16.41,0.0,63.08,2020
2020-01-31,17.22,0.0,60.88,2020
2020-02-01,17.76,0.0,60.44,2020
2020-02-02,18.93,0.0,69.05,2020
2020-02-03,19.61,0.0,77.08,2020
2020-02-04,19.43,0.0,74.87,2020
2020-02-05,19.16,0.0,60.61,2020
2020-02-06,18.78,0.0,59.68,2020
2020-02-07,17.53,0.0,54.63,2020
2020-02-08,18.14,0.0,69.76,2020
2020-02-09,20.03,0.0,70.94,2020
2020-02-10,21.45,0.0,69.63,2020
2020-02-11,22.02,0.0,70.75,2020
2020-02-12,22.64,0.0,65.44,2020
2020-02-13,22.14,0.0,59.54,2020
2020-02-14,21.64,0.0,58.76,2020
2020-02-15,21.61,0.0,55.31,2020
2020-02-16,23.04,0.0,51.55,2020
2020-02-17,23.26,0.0,49.43,2020
2020-02-18,23.11,0.0,49.35,2020
2020-02-19,23.55,0.0,54.3,2020
2020-02-20,23.32,0.0,54.83,2020
2020-02-21,23.02,0.0,55.94,2020
2020-02-22,23.78,0.0,52.98,2020
2020-02-23,24.18,0.0,49.28,2020
2020-02-24,23.72,0.0,45.37,2020
2020-02-25,22.54,0.0,41.49,2020
2020-02-26,22.38,0.0,36.52,2020
2020-02-27,22.72,0.0,35.66,2020
2020-02-28,23.21,0.0,41.12,2020
2020-02-29,23.59,0.0,46.64,2020
2020-03-01,23.99,0.38,51.98,2020
2020-03-02,23.39,0.0,52.44,2020
2020-03-03,21.89,0.0,58.74,2020
2020-03-04,20.76,0.0,68.07,2020
2020-03-05,20.99,0.0,66.38,2020
2020-03-06,20.6,0.0,72.19,2020
2020-03-07,20.62,0.0,66.13,2020
2020-03-08,21.9,0.0,58.82,2020
2020-03-09,21.99,0.0,63.27,2020
2020-03-10,21.84,0.0,70.72,2020
2020-03-11,21.2,0.0,67.48,2020
2020-03-12,20.33,0.0,69.88,2020
2020-03-13,20.06,0.0,60.89,2020
2020-03-14,21.56,0.0,34.15,2020
2020-03-15,24.3,0.0,32.97,2020
2020-03-16,26.51,0.11,38.3,2020
2020-03-17,27.94,0.0,38.02,2020
2020-03-18,27.39,0.0,37.9,2020
2020-03-19,25.18,0.0,39.14,2020
2020-03-20,23.76,0.0,49.33,2020
2020-03-21,23.95,0.0,52.85,2020
2020-03-22,25.47,0.0,47.75,2020
2020-03-23,26.99,0.0,44.27,2020
2020-03-24,28.17,0.43,43.41,2020
2020-03-25,27.6,2.99,51.72,2020
2020-03-26,26.43,2.38,61.71,2020
2020-03-27,27.3,0.36,57.43,2020
2020-03-28,27.47,1.09,48.66,2020
2020-03-29,28.65,1.04,45.3,2020
2020-03-30,28.7,0.2,44.03,2020
2020-03-31,28.04,0.09,41.7,2020
2020-04-01,28.38,0.0,37.46,2020
2020-04-02,28.58,0.0,33.91,2020
2020-04-03,29.16,0.0,35.17,2020
2020-04-04,28.74,0.01,39.12,2020
2020-04-05,28.66,0.09,41.94,2020
2020-04-06,27.16,0.07,51.3,2020
2020-04-07,26.64,0.0,47.3,2020
2020-04-08,25.39,0.0,46.11,2020
2020-04-09,26.27,0.0,51.15,2020
2020-04-10,28.48,0.0,42.53,2020
2020-04-11,30.33,0.01,39.56,2020
2020-04-12,30.82,0.63,35.09,2020
2020-04-13,30.82,0.1,34.38,2020
2020-04-14,30.94,0.32,33.02,2020
2020-04-15,31.72,0.11,32.77,2020
2020-04-16,30.78,0.07,42.39,2020
2020-04-17,30.41,0.02,44.29,2020
2020-04-18,30.91,0.05,42.24,2020
2020-04-19,31.26,1.49,41.05,2020
2020-04-20,31.59,0.02,34.04,2020
2020-04-21,29.95,0.0,30.36,2020
2020-04-22,29.52,0.0,41.93,2020
2020-04-23,29.37,0.0,48.29,2020
2020-04-24,28.95,0.0,51.97,2020
2020-04-25,27.91,0.0,52.99,2020
2020-04-26,28.3,0.0,46.93,2020
2020-04-27,28.82,0.0,56.05,2020
2020-04-28,30.91,0.01,47.24,2020
2020-04-29,30.86,0.22,47.66,2020
2020-04-30,30.22,0.88,51.64,2020
2020-05-01,29.78,1.27,56.01,2020
2020-05-02,29.77,5.2,57.53,2020
2020-05-03,30.06,0.04,52.27,2020
2020-05-04,29.53,0.01,48.36,2020
2020-05-05,29.72,0.02,55.07,2020
2020-05-06,30.86,0.05,47.9,2020
2020-05-07,31.05,0.0,40.52,2020
2020-05-08,30.05,0.0,48.32,2020
2020-05-09,30.7,0.0,47.22,2020
2020-05-10,30.81,1.22,48.15,2020
2020-05-11,30.59,5.17,46.66,2020
2020-05-12,29.81,0.08,43.71,2020
2020-05-13,30.2,0.77,50.64,2020
2020-05-14,30.96,1.28,52.7,2020
2020-05-15,28.72,4.1,60.61,2020
2020-05-16,28.8,0.25,58.92,2020
2020-05-17,29.02,0.99,58.85,2020
2020-05-18,27.97,0.31,60.17,2020
2020-05-19,28.36,0.01,61.28,2020
2020-05-20,29.37,0.01,57.49,2020
2020-05-21,29.92,0.0,56.54,2020
2020-05-22,30.09,0.0,53.84,2020
2020-05-23,30.64,0.0,48.53,2020
2020-05-24,30.81,0.0,50.84,2020
2020-05-25,30.98,0.0,53.23,2020
2020-05-26,30.51,0.0,54.26,2020
2020-05-27,29.58,0.0,55.68,2020
2020-05-28,29.06,0.0,60.87,2020
2020-05-29,28.95,0.0,62.49,2020
2020-05-30,29.17,0.0,61.12,2020
2020-05-31,27.32,1.17,64.51,2020
2020-06-01,26.25,7.12,70.3,2020
2020-06-02,25.16,16.91,77.74,2020
2020-06-03,24.7,79.26,87.83,2020
2020-06-04,24.33,26.22,88.69,2020
2020-06-05,25.07,2.25,76.29,2020
2020-06-06,24.98,8.45,80.88,2020
2020-06-07,25.46,5.22,82.6,2020
2020-06-08,24.93,8.66,73.38,2020
2020-06-09,24.13,3.36,77.87,2020
2020-06-10,24.58,5.71,80.73,2020
2020-06-11,24.55,5.32,85.85,2020
2020-06-12,25.45,5.37,82.89,2020
2020-06-13,24.52,15.09,88.0,2020
2020-06-14,25.34,10.06,86.77,2020
2020-06-15,25.06,19.36,90.39,2020
2020-06-16,24.81,11.15,87.44,2020
2020-06-17,25.0,26.86,87.83,2020
2020-06-18,24.8,28.39,88.98,2020
2020-06-19,25.45,8.61,86.01,2020
2020-06-20,25.04,1.93,86.42,2020
2020-06-21,24.84,4.05,86.88,2020
2020-06-22,25.06,2.17,83.74,2020
2020-06-23,25.32,2.34,80.69,2020
2020-06-24,25.55,1.88,80.97,2020
2020-06-25,26.31,8.8,81.01,2020
2020-06-26,24.34,6.56,88.63,2020
2020-06-27,25.21,4.38,84.91,2020
2020-06-28,25.1,10.29,86.25,2020
2020-06-29,25.27,28.3,86.5,2020
2020-06-30,24.09,27.34,91.76,2020
2020-07-01,24.16,4.86,86.62,2020
2020-07-02,24.92,8.03,86.08,2020
2020-07-03,23.59,23.72,90.63,2020
2020-07-04,24.19,50.41,91.69,2020
2020-07-05,23.97,34.17,90.09,2020
2020-07-06,24.92,24.24,88.97,2020
2020-07-07,24.3,43.03,91.09,2020
2020-07-08,24.38,18.7,88.1,2020
2020-07-09,24.59,19.19,87.81,2020
2020-07-10,24.31,17.3,90.02,2020
2020-07-11,24.55,11.92,89.46,2020
2020-07-12,24.18,13.83,88.73,2020
2020-07-13,24.08,11.57,89.96,2020
2020-07-14,24.66,19.44,89.77,2020
2020-07-15,23.71,38.04,93.71,2020
2020-07-16,22.8,21.53,92.12,2020
2020-07-17,23.78,17.49,89.5,2020
2020-07-18,24.56,7.57,89.4,2020
2020-07-19,24.51,4.46,90.07,2020
2020-07-20,23.96,2.27,89.45,2020
2020-07-21,24.24,1.21,87.77,2020
2020-07-22,24.67,4.56,89.42,2020
2020-07-23,24.14,8.06,90.71,2020
2020-07-24,23.78,27.69,89.43,2020
2020-07-25,23.12,11.32,90.15,2020
2020-07-26,23.87,17.34,88.47,2020
2020-07-27,23.88,12.2,90.8,2020
2020-07-28,23.81,16.54,91.92,2020
2020-07-29,23.92,5.9,92.79,2020
2020-07-30,24.12,6.55,88.17,2020
2020-07-31,23.61,6.7,91.79,2020
2020-08-01,24.21,3.93,92.35,2020
2020-08-02,24.22,7.4,91.89,2020
2020-08-03,24.24,30.78,93.07,2020
2020-08-04,23.86,92.3,95.14,2020
2020-08-05,23.85,74.93,95.28,2020
2020-08-06,22.98,52.36,94.77,2020
2020-08-07,24.39,23.93,91.96,2020
2020-08-08,24.04,12.04,91.35,2020
2020-08-09,23.85,8.23,92.12,2020
2020-08-10,23.64,33.99,94.1,2020
2020-08-11,23.62,15.93,92.62,2020
2020-08-12,23.32,28.97,93.6,2020
2020-08-13,23.19,47.0,95.73,2020
2020-08-14,23.49,49.34,94.5,2020
2020-08-15,23.49,42.83,94.7,2020
2020-08-16,23.31,30.39,95.52,2020
2020-08-17,23.06,36.92,95.75,2020
2020-08-18,23.46,22.18,93.24,2020
2020-08-19,23.66,14.87,92.59,2020
2020-08-20,23.2,33.49,95.92,2020
2020-08-21,23.28,30.88,95.25,2020
2020-08-22,23.95,13.86,93.26,2020
2020-08-23,23.88,8.79,92.44,2020
2020-08-24,23.62,6.7,92.04,2020
2020-08-25,23.49,4.22,91.73,2020
2020-08-26,23.4,2.49,91.14,2020
2020-08-27,22.97,3.81,92.34,2020
2020-08-28,23.22,29.57,92.63,2020
2020-08-29,22.91,31.88,94.58,2020
2020-08-30,23.07,21.22,94.43,2020
2020-08-31,23.53,13.04,92.54,2020
2020-09-01,23.64,3.73,91.65,2020
2020-09-02,23.73,0.66,91.1,2020
2020-09-03,24.28,4.61,90.16,2020
2020-09-04,25.21,3.25,86.98,2020
2020-09-05,25.79,9.45,86.2,2020
2020-09-06,25.84,19.17,86.29,2020
2020-09-07,25.54,15.52,88.44,2020
2020-09-08,24.67,5.31,92.17,2020
2020-09-09,24.1,15.54,89.68,2020
2020-09-10,23.64,26.21,93.92,2020
2020-09-11,23.9,13.89,92.19,2020
2020-09-12,24.16,15.16,90.82,2020
2020-09-13,23.54,4.18,92.95,2020
2020-09-14,22.52,3.76,93.37,2020
2020-09-15,22.47,4.23,93.78,2020
2020-09-16,22.89,5.23,93.38,2020
2020-09-17,23.28,7.01,93.25,2020
2020-09-18,22.7,3.23,95.11,2020
2020-09-19,23.27,13.64,94.2,2020
2020-09-20,23.65,14.94,93.0,2020
2020-09-21,23.88,12.62,94.37,2020
2020-09-22,23.46,42.42,96.61,2020
2020-09-23,23.38,35.13,95.49,2020
2020-09-24,24.36,4.94,92.23,2020
2020-09-25,23.21,13.34,94.49,2020
2020-09-26,22.48,2.46,92.65,2020
2020-09-27,22.78,2.08,89.82,2020
2020-09-28,23.03,0.27,89.4,2020
2020-09-29,22.85,0.29,90.18,2020
2020-09-30,23.09,0.36,89.81,2020
2020-10-01,23.33,0.35,89.13,2020
2020-10-02,23.79,2.26,88.66,2020
2020-10-03,24.59,5.87,87.69,2020
2020-10-04,23.97,4.37,91.49,2020
2020-10-05,23.84,0.52,88.84,2020
2020-10-06,22.86,0.13,88.85,2020
2020-10-07,24.02,0.09,82.59,2020
2020-10-08,24.45,0.23,76.5,2020
2020-10-09,24.26,0.07,82.04,2020
2020-10-10,24.41,15.35,86.79,2020
2020-10-11,23.58,12.85,88.33,2020
2020-10-12,23.38,5.32,90.08,2020
2020-10-13,24.59,19.0,87.26,2020
2020-10-14,23.87,28.83,92.68,2020
2020-10-15,23.91,41.91,94.88,2020
2020-10-16,24.04,1.27,91.24,2020
2020-10-17,23.4,2.15,89.35,2020
2020-10-18,23.52,5.16,90.25,2020
2020-10-19,23.54,13.99,91.73,2020
2020-10-20,24.55,15.14,89.38,2020
2020-10-21,25.24,4.94,88.48,2020
2020-10-22,24.28,13.4,93.18,2020
2020-10-23,23.42,6.31,91.17,2020
2020-10-24,23.42,7.74,89.17,2020
2020-10-25,23.75,6.64,82.65,2020
2020-10-26,22.97,1.29,88.44,2020
2020-10-27,23.13,0.01,83.07,2020
2020-10-28,22.71,0.0,76.03,2020
2020-10-29,21.98,0.0,74.79,2020
2020-10-30,22.1,0.0,72.51,2020
2020-10-31,21.89,0.0,77.22,2020
2020-11-01,22.61,0.0,81.48,2020
2020-11-02,22.14,0.0,83.89,2020
2020-11-03,21.81,0.0,79.44,2020
2020-11-04,21.79,0.0,75.07,2020
2020-11-05,20.65,0.0,75.69,2020
2020-11-06,19.3,0.0,73.46,2020
2020-11-07,20.14,0.0,80.57,2020
2020-11-08,21.14,0.0,82.86,2020
2020-11-09,19.4,0.0,75.8,2020
2020-11-10,17.69,0.0,72.99,2020
2020-11-11,17.23,0.0,73.89,2020
2020-11-12,18.6,0.0,78.32,2020
2020-11-13,22.15,0.0,86.6,2020
2020-11-14,23.22,0.0,84.55,2020
2020-11-15,22.52,0.0,80.48,2020
2020-11-16,22.48,0.0,84.19,2020
2020-11-17,22.62,0.0,84.24,2020
2020-11-18,22.7,0.05,85.66,2020
2020-11-19,23.53,0.04,83.99,2020
2020-11-20,23.71,0.87,82.69,2020
2020-11-21,23.44,0.29,82.04,2020
2020-11-22,21.97,0.01,86.02,2020
2020-11-23,22.23,0.0,84.32,2020
2020-11-24,21.51,0.0,80.46,2020
2020-11-25,19.9,0.0,75.83,2020
2020-11-26,19.98,0.0,79.74,2020
2020-11-27,20.02,0.0,83.31,2020
2020-11-28,20.52,0.0,84.68,2020
2020-11-29,22.04,0.0,85.47,2020
2020-11-30,22.8,0.0,86.17,2020
2020-12-01,22.55,0.0,85.42,2020
2020-12-02,20.71,0.0,80.34,2020
2020-12-03,19.25,0.0,75.77,2020
2020-12-04,19.41,0.0,72.41,2020
2020-12-05,19.01,0.0,70.76,2020
2020-12-06,18.5,0.0,72.56,2020
2020-12-07,18.4,0.0,71.42,2020
2020-12-08,19.16,0.0,69.31,2020
2020-12-09,20.53,0.01,75.23,2020
2020-12-10,21.85,0.2,76.34,2020
2020-12-11,21.32,0.64,84.83,2020
2020-12-12,21.72,0.05,80.64,2020
2020-12-13,21.1,1.08,79.2,2020
2020-12-14,21.42,4.56,81.36,2020
2020-12-15,20.86,0.16,80.68,2020
2020-12-16,21.01,0.0,78.72,2020
2020-12-17,20.33,0.0,80.44,2020
2020-12-18,19.37,0.0,79.54,2020
2020-12-19,18.53,0.0,79.17,2020
2020-12-20,17.71,0.0,72.37,2020
2020-12-21,16.3,0.0,63.27,2020
2020-12-22,16.12,0.0,63.1,2020
2020-12-23,17.36,0.0,61.56,2020
2020-12-24,17.82,0.0,66.48,2020
2020-12-25,18.67,0.0,73.71,2020
2020-12-26,19.61,0.0,70.6,2020
2020-12-27,19.72,0.0,74.86,2020
2020-12-28,19.38,0.0,74.01,2020
2020-12-29,19.21,0.0,72.32,2020
2020-12-30,19.3,0.0,72.16,2020
2020-12-31,19.62,0.0,77.59,2020
2021-01-01,21.19,0.01,78.45,2021
2021-01-02,21.3,0.0,82.12,2021
2021-01-03,20.89,0.0,77.4,2021
2021-01-04,20.77,1.07,82.8,2021
2021-01-05,20.71,0.13,81.44,2021
2021-01-06,21.79,0.04,80.92,2021
2021-01-07,21.1,1.84,90.06,2021
2021-01-08,21.87,9.98,88.65,2021
2021-01-09,22.72,3.4,83.79,2021
2021-01-10,23.13,0.15,78.06,2021
2021-01-11,22.65,0.0,72.05,2021
2021-01-12,22.55,0.0,69.67,2021
2021-01-13,22.46,0.0,69.94,2021
2021-01-14,22.09,0.0,67.29,2021
2021-01-15,21.07,0.0,70.39,2021
2021-01-16,22.1,0.0,67.05,2021
2021-01-17,23.08,0.0,72.42,2021
2021-01-18,23.17,0.0,76.75,2021
2021-01-19,22.18,0.0,73.0,2021
2021-01-20,21.62,0.0,66.92,2021
2021-01-21,20.0,0.0,60.8,2021
2021-01-22,20.9,0.0,57.11,2021
2021-01-23,20.94,0.0,62.16,2021
2021-01-24,20.72,0.0,61.77,2021
2021-01-25,19.62,0.0,59.07,2021
2021-01-26,19.94,0.0,55.26,2021
2021-01-27,19.56,0.0,55.19,2021
2021-01-28,19.74,0.0,58.04,2021
2021-01-29,19.52,0.0,57.96,2021
2021-01-30,20.28,0.0,60.32,2021
2021-01-31,20.26,0.0,62.03,2021
2021-02-01,20.04,0.0,57.53,2021
2021-02-02,19.89,0.0,47.43,2021
2021-02-03,19.76,0.0,44.19,2021
2021-02-04,19.88,0.0,50.39,2021
2021-02-05,19.49,0.0,59.21,2021
2021-02-06,19.0,0.0,52.36,2021
2021-02-07,19.49,0.0,50.59,2021
2021-02-08,19.28,0.0,45.12,2021
2021-02-09,20.0,0.0,40.62,2021
2021-02-10,20.71,0.0,41.32,2021
2021-02-11,21.35,0.0,42.1,2021
2021-02-12,21.62,0.0,48.51,2021
2021-02-13,21.34,0.0,52.11,2021
2021-02-14,21.66,0.0,55.07,2021
2021-02-15,21.16,0.0,57.84,2021
2021-02-16,20.99,0.0,63.86,2021
2021-02-17,21.68,0.02,64.87,2021
2021-02-18,22.15,3.38,65.04,2021
2021-02-19,20.62,5.37,69.49,2021
2021-02-20,20.81,0.0,59.84,2021
2021-02-21,22.51,0.0,58.6,2021
2021-02-22,23.82,0.0,58.67,2021
2021-02-23,24.3,0.0,55.11,2021
2021-02-24,23.66,0.0,49.37,2021
2021-02-25,23.43,0.0,51.85,2021
2021-02-26,23.88,0.0,50.9,2021
2021-02-27,24.21,0.0,43.63,2021
2021-02-28,24.83,0.0,42.43,2021
2021-03-01,25.69,0.0,44.11,2021
2021-03-02,25.05,0.0,39.36,2021
2021-03-03,25.24,0.0,31.41,2021
2021-03-04,24.8,0.0,33.7,2021
2021-03-05,24.81,0.0,34.3,2021
2021-03-06,25.34,0.0,42.41,2021
2021-03-07,25.31,0.0,39.76,2021
2021-03-08,25.02,0.0,38.95,2021
2021-03-09,25.54,0.0,39.67,2021
2021-03-10,26.13,0.0,40.03,2021
2021-03-11,25.66,0.0,41.87,2021
2021-03-12,25.79,0.0,41.04,2021
2021-03-13,26.64,0.0,36.98,2021
2021-03-14,26.84,0.0,38.02,2021
2021-03-15,26.55,0.0,36.61,2021
2021-03-16,26.75,0.0,36.29,2021
2021-03-17,26.96,0.0,36.03,2021
2021-03-18,26.92,0.0,38.49,2021
2021-03-19,26.14,0.0,38.23,2021
2021-03-20,25.97,0.02,39.68,2021
2021-03-21,26.63,0.07,40.25,2021
2021-03-22,26.16,2.57,47.35,2021
2021-03-23,27.64,0.09,44.12,2021
2021-03-24,28.63,0.02,39.24,2021
2021-03-25,28.18,1.25,34.24,2021
2021-03-26,28.03,0.0,29.86,2021
2021-03-27,28.3,0.0,27.69,2021
2021-03-28,28.43,0.0,28.94,2021
2021-03-29,28.73,0.0,31.78,2021
2021-03-30,27.14,0.0,38.76,2021
2021-03-31,26.81,0.0,35.76,2021
2021-04-01,26.5,0.0,51.54,2021
2021-04-02,26.15,0.0,56.2,2021
2021-04-03,26.61,0.0,57.69,2021
2021-04-04,27.39,0.0,56.21,2021
2021-04-05,28.78,0.0,44.24,2021
2021-04-06,29.77,0.0,36.01,2021
2021-04-07,29.77,0.0,29.61,2021
2021-04-08,28.83,0.0,37.78,2021
2021-04-09,28.85,0.11,40.38,2021
2021-04-10,29.39,0.09,34.69,2021
2021-04-11,29.34,0.83,40.46,2021
2021-04-12,29.66,1.28,41.91,2021
2021-04-13,29.31,5.59,46.03,2021
2021-04-14,28.68,1.88,46.47,2021
2021-04-15,28.43,0.5,42.72,2021
2021-04-16,27.95,0.5,43.43,2021
2021-04-17,28.52,0.0,40.94,2021
2021-04-18,29.71,0.0,35.87,2021
2021-04-19,28.68,0.0,44.36,2021
2021-04-20,27.4,0.0,53.55,2021
2021-04-21,27.33,0.0,53.38,2021
2021-04-22,27.99,0.0,47.25,2021
2021-04-23,28.02,0.0,49.31,2021
2021-04-24,28.43,0.0,41.73,2021
2021-04-25,30.33,0.0,37.71,2021
2021-04-26,29.39,0.17,51.84,2021
2021-04-27,29.93,1.87,46.56,2021
2021-04-28,29.47,0.41,41.29,2021
2021-04-29,29.27,0.17,48.67,2021
2021-04-30,30.04,0.57,43.45,2021
2021-05-01,30.32,0.11,40.37,2021
2021-05-02,29.1,8.41,52.31,2021
2021-05-03,28.74,4.82,59.91,2021
2021-05-04,28.66,6.01,57.71,2021
2021-05-05,29.16,0.55,52.42,2021
2021-05-06,29.0,4.15,56.71,2021
2021-05-07,28.9,1.91,60.71,2021
2021-05-08,29.64,0.93,53.98,2021
2021-05-09,29.49,0.56,54.35,2021
2021-05-10,29.55,0.0,55.74,2021
2021-05-11,29.0,0.0,53.69,2021
2021-05-12,28.84,0.0,53.72,2021
2021-05-13,28.6,0.01,50.28,2021
2021-05-14,30.02,2.77,46.89,2021
2021-05-15,29.1,6.15,60.63,2021
2021-05-16,26.7,16.4,73.86,2021
2021-05-17,24.68,129.13,86.71,2021
2021-05-18,25.51,33.84,85.17,2021
2021-05-19,25.29,13.78,86.89,2021
2021-05-20,25.59,0.39,79.54,2021
2021-05-21,26.25,0.9,76.72,2021
2021-05-22,26.04,1.88,78.62,2021
2021-05-23,25.81,0.98,77.83,2021
2021-05-24,26.45,0.72,75.11,2021
2021-05-25,26.66,0.12,77.21,2021
2021-05-26,26.03,0.05,78.5,2021
2021-05-27,26.15,0.05,76.3,2021
2021-05-28,26.98,0.07,76.18,2021
2021-05-29,26.88,11.49,78.7,2021
2021-05-30,26.25,7.43,81.28,2021
2021-05-31,25.78,11.8,83.65,2021
2021-06-01,26.16,14.68,83.09,2021
2021-06-02,26.21,15.72,82.56,2021
2021-06-03,26.53,3.52,78.01,2021
2021-06-04,26.09,2.32,80.0,2021
2021-06-05,24.58,18.19,84.92,2021
2021-06-06,25.19,8.48,80.35,2021
2021-06-07,25.11,3.48,81.39,2021
2021-06-08,25.17,17.34,84.23,2021
2021-06-09,25.3,28.8,86.12,2021
2021-06-10,24.34,28.5,90.54,2021
2021-06-11,25.32,17.24,86.13,2021
2021-06-12,25.46,23.48,91.31,2021
2021-06-13,25.25,13.55,89.94,2021
2021-06-14,25.42,4.07,85.51,2021
2021-06-15,25.11,19.56,88.32,2021
2021-06-16,24.74,41.31,92.35,2021
2021-06-17,24.87,48.01,89.71,2021
2021-06-18,24.92,51.5,89.59,2021
2021-06-19,24.25,40.03,91.23,2021
2021-06-20,24.45,13.86,88.66,2021
2021-06-21,24.19,4.93,89.1,2021
2021-06-22,24.23,5.14,88.1,2021
2021-06-23,24.08,6.1,88.59,2021
2021-06-24,23.99,7.22,88.09,2021
2021-06-25,23.59,14.09,89.37,2021
2021-06-26,24.1,5.47,87.88,2021
2021-06-27,23.25,5.82,90.23,2021
2021-06-28,23.63,17.92,91.03,2021
2021-06-29,24.9,3.35,88.19,2021
2021-06-30,24.26,2.96,90.04,2021
2021-07-01,23.95,2.13,90.83,2021
2021-07-02,24.53,0.5,87.47,2021
2021-07-03,24.47,2.46,87.86,2021
2021-07-04,24.51,1.24,86.51,2021
2021-07-05,24.3,4.86,87.5,2021
2021-07-06,24.55,2.6,86.6,2021
2021-07-07,24.61,3.64,87.43,2021
2021-07-08,24.14,15.74,90.81,2021
2021-07-09,23.89,10.22,88.69,2021
2021-07-10,24.14,9.34,83.22,2021
2021-07-11,23.89,13.35,92.12,2021
2021-07-12,23.53,48.58,93.43,2021
2021-07-13,23.89,25.79,91.11,2021
2021-07-14,23.49,17.09,92.65,2021
2021-07-15,24.08,31.23,94.4,2021
2021-07-16,24.42,14.18,90.34,2021
2021-07-17,24.19,35.86,92.48,2021
2021-07-18,24.17,44.84,94.09,2021
2021-07-19,23.75,73.76,94.43,2021
2021-07-20,23.75,37.97,93.77,2021
2021-07-21,23.23,95.24,95.48,2021
2021-07-22,23.27,60.77,93.74,2021
2021-07-23,23.14,84.96,95.07,2021
2021-07-24,24.18,38.04,91.69,2021
2021-07-25,24.19,27.81,93.12,2021
2021-07-26,23.95,19.62,92.03,2021
2021-07-27,23.52,15.18,91.0,2021
2021-07-28,23.36,12.1,90.86,2021
2021-07-29,22.84,12.8,93.16,2021
2021-07-30,22.81,10.8,92.27,2021
2021-07-31,23.02,8.7,91.9,2021
2021-08-01,22.98,6.13,90.65,2021
2021-08-02,23.34,10.87,90.3,2021
2021-08-03,23.78,14.36,90.73,2021
2021-08-04,23.52,14.0,91.51,2021
2021-08-05,23.5,7.33,90.72,2021
2021-08-06,23.71,4.59,90.15,2021
2021-08-07,23.91,2.57,89.15,2021
2021-08-08,23.7,3.69,90.63,2021
2021-08-09,23.96,1.7,89.59,2021
2021-08-10,23.77,2.89,89.68,2021
2021-08-11,23.73,3.84,89.42,2021
2021-08-12,23.76,8.22,88.51,2021
2021-08-13,23.84,5.89,88.74,2021
2021-08-14,23.5,15.5,89.53,2021
2021-08-15,23.6,12.77,89.68,2021
2021-08-16,23.74,6.96,88.76,2021
2021-08-17,22.63,9.96,92.31,2021
2021-08-18,22.17,18.35,91.76,2021
2021-08-19,22.4,17.24,92.7,2021
2021-08-20,22.87,10.78,90.99,2021
2021-08-21,22.47,19.3,92.2,2021
2021-08-22,22.14,1.25,89.59,2021
2021-08-23,23.13,0.24,87.03,2021
2021-08-24,23.45,1.75,89.12,2021
2021-08-25,23.65,1.55,89.56,2021
2021-08-26,23.65,2.63,89.61,2021
2021-08-27,23.82,3.16,88.76,2021
2021-08-28,23.46,0.61,88.38,2021
2021-08-29,23.29,0.63,87.65,2021
2021-08-30,22.1,6.72,91.7,2021
2021-08-31,21.93,38.89,95.38,2021
2021-09-01,23.31,7.26,91.23,2021
2021-09-02,22.73,4.8,93.14,2021
2021-09-03,23.33,10.01,91.22,2021
2021-09-04,23.65,12.94,90.75,2021
2021-09-05,23.27,13.73,91.43,2021
2021-09-06,23.07,14.16,93.26,2021
2021-09-07,23.47,32.97,95.61,2021
2021-09-08,23.48,23.7,96.01,2021
2021-09-09,23.56,13.57,92.18,2021
2021-09-10,23.74,14.38,91.86,2021
2021-09-11,23.98,24.42,92.4,2021
2021-09-12,24.08,36.74,93.82,2021
2021-09-13,23.91,30.35,94.14,2021
2021-09-14,23.57,12.28,92.66,2021
2021-09-15,23.15,3.07,92.05,2021
2021-09-16,23.2,0.64,91.65,2021
2021-09-17,22.79,0.48,91.2,2021
2021-09-18,23.11,1.53,90.5,2021
2021-09-19,23.56,8.82,90.69,2021
2021-09-20,23.67,9.98,91.48,2021
2021-09-21,23.35,26.26,93.03,2021
2021-09-22,23.39,18.93,91.97,2021
2021-09-23,23.48,7.11,90.99,2021
2021-09-24,23.11,1.24,90.05,2021
2021-09-25,23.14,2.27,90.52,2021
2021-09-26,23.15,2.03,90.29,2021
2021-09-27,22.61,7.89,91.97,2021
2021-09-28,21.83,34.57,93.96,2021
2021-09-29,22.76,9.52,91.77,2021
2021-09-30,23.78,4.46,90.66,2021
2021-10-01,24.24,8.01,88.16,2021
2021-10-02,24.63,3.05,89.23,2021
2021-10-03,24.63,4.76,88.82,2021
2021-10-04,25.1,9.89,88.67,2021
2021-10-05,25.19,4.65,88.84,2021
2021-10-06,24.4,11.38,87.2,2021
2021-10-07,25.42,1.26,85.83,2021
2021-10-08,23.89,3.85,94.37,2021
2021-10-09,24.08,20.82,91.93,2021
2021-10-10,24.02,5.75,89.16,2021
2021-10-11,24.35,2.77,87.41,2021
2021-10-12,24.69,4.47,84.95,2021
2021-10-13,23.76,0.09,82.8,2021
2021-10-14,23.57,0.13,80.93,2021
2021-10-15,23.97,0.0,82.31,2021
2021-10-16,23.31,0.0,79.96,2021
2021-10-17,23.81,0.1,86.07,2021
2021-10-18,22.68,0.15,88.52,2021
2021-10-19,21.67,0.06,86.47,2021
2021-10-20,22.26,0.0,82.97,2021
2021-10-21,22.31,0.0,76.11,2021
2021-10-22,21.95,0.0,77.97,2021
2021-10-23,21.44,0.0,80.45,2021
2021-10-24,20.8,0.0,84.57,2021
2021-10-25,21.12,0.0,81.92,2021
2021-10-26,20.86,0.0,78.52,2021
2021-10-27,20.57,0.0,76.06,2021
2021-10-28,20.62,0.0,80.51,2021
2021-10-29,21.25,0.0,80.16,2021
2021-10-30,21.65,0.0,78.82,2021
2021-10-31,21.84,0.0,79.81,2021
2021-11-01,22.07,0.0,81.15,2021
2021-11-02,21.71,0.0,81.39,2021
2021-11-03,22.09,0.0,84.58,2021
2021-11-04,23.55,0.51,84.31,2021
2021-11-05,22.56,4.59,89.55,2021
2021-11-06,22.34,3.52,86.12,2021
2021-11-07,22.14,2.19,85.47,2021
2021-11-08,20.67,0.0,76.36,2021
2021-11-09,19.28,0.0,73.52,2021
2021-11-10,18.97,0.0,71.22,2021
2021-11-11,18.65,0.0,72.89,2021
2021-11-12,20.52,0.0,74.25,2021
2021-11-13,23.22,0.0,85.05,2021
2021-11-14,23.84,0.3,85.5,2021
2021-11-15,24.32,0.22,86.44,2021
2021-11-16,23.88,5.17,88.75,2021
2021-11-17,23.6,4.26,90.26,2021
2021-11-18,24.05,5.01,82.79,2021
2021-11-19,23.7,0.87,84.5,2021
2021-11-20,23.66,0.97,87.45,2021
2021-11-21,24.24,11.45,84.75,2021
2021-11-22,23.99,2.88,88.45,2021
2021-11-23,24.26,0.02,87.95,2021
2021-11-24,23.89,0.0,83.75,2021
2021-11-25,22.24,0.0,80.88,2021
2021-11-26,21.3,0.0,79.39,2021
2021-11-27,20.61,0.0,75.33,2021
2021-11-28,18.94,0.0,76.04,2021
2021-11-29,19.9,0.0,76.57,2021
2021-11-30,19.92,0.31,89.11,2021
2021-12-01,18.74,64.48,92.73,2021
2021-12-02,19.06,14.04,89.65,2021
2021-12-03,21.11,0.47,88.62,2021
2021-12-04,20.95,0.61,86.85,2021
2021-12-05,19.59,0.02,84.18,2021
2021-12-06,19.67,0.0,81.61,2021
2021-12-07,19.8,0.0,79.68,2021
2021-12-08,19.88,0.0,77.73,2021
2021-12-09,20.08,0.0,79.12,2021
2021-12-10,20.59,0.0,83.48,2021
2021-12-11,20.69,0.0,82.85,2021
2021-12-12,20.61,0.0,79.53,2021
2021-12-13,19.95,0.0,81.74,2021
2021-12-14,19.72,0.0,83.1,2021
2021-12-15,19.52,0.0,83.51,2021
2021-12-16,20.1,0.0,82.99,2021
2021-12-17,19.64,0.0,79.19,2021
2021-12-18,18.64,0.0,75.17,2021
2021-12-19,17.67,0.0,74.78,2021
2021-12-20,17.51,0.0,68.51,2021
2021-12-21,17.5,0.0,68.48,2021
2021-12-22,18.44,0.0,69.24,2021
2021-12-23,18.42,0.0,72.03,2021
2021-12-24,18.34,0.0,73.32,2021
2021-12-25,18.25,0.0,70.95,2021
2021-12-26,18.55,0.0,71.24,2021
2021-12-27,19.74,0.0,64.69,2021
2021-12-28,19.59,0.01,70.94,2021
2021-12-29,18.1,0.0,71.43,2021
2021-12-30,18.21,0.0,80.1,2021
2021-12-31,19.32,0.0,78.23,2021
2022-01-01,20.27,0.0,77.45,2022
2022-01-02,20.29,0.0,78.85,2022
2022-01-03,20.39,0.0,76.19,2022
2022-01-04,20.2,0.0,71.59,2022
2022-01-05,19.4,0.0,72.63,2022
2022-01-06,19.51,0.0,76.88,2022
2022-01-07,18.92,0.0,82.67,2022
2022-01-08,18.94,0.51,84.99,2022
2022-01-09,17.78,0.61,85.3,2022
2022-01-10,16.71,0.0,75.33,2022
2022-01-11,15.52,0.0,72.43,2022
2022-01-12,15.63,0.0,81.69,2022
2022-01-13,16.12,0.0,82.45,2022
2022-01-14,17.0,0.0,82.16,2022
2022-01-15,18.55,0.0,77.19,2022
2022-01-16,19.38,0.0,77.01,2022
2022-01-17,20.49,0.0,75.15,2022
2022-01-18,20.19,0.0,71.4,2022
2022-01-19,19.43,0.0,66.29,2022
2022-01-20,19.41,0.0,61.32,2022
2022-01-21,19.26,0.0,67.07,2022
2022-01-22,18.59,0.05,85.35,2022
2022-01-23,16.65,0.1,82.07,2022
2022-01-24,13.41,0.0,68.24,2022
2022-01-25,14.13,0.0,56.48,2022
2022-01-26,15.97,0.0,56.84,2022
2022-01-27,16.42,0.0,59.43,2022
2022-01-28,17.12,0.0,57.7,2022
2022-01-29,18.4,0.0,46.74,2022
2022-01-30,19.05,0.0,48.46,2022
2022-01-31,19.41,0.0,51.48,2022
2022-02-01,19.21,0.0,52.33,2022
2022-02-02,19.65,0.0,54.26,2022
2022-02-03,18.19,0.0,69.39,2022
2022-02-04,17.75,0.0,73.53,2022
2022-02-05,17.81,0.0,56.67,2022
2022-02-06,18.89,0.0,54.0,2022
2022-02-07,19.14,0.0,70.15,2022
2022-02-08,18.76,0.0,76.46,2022
2022-02-09,18.43,0.0,73.9,2022
2022-02-10,19.16,0.0,59.5,2022
2022-02-11,20.17,0.0,51.47,2022
2022-02-12,20.34,0.0,50.66,2022
2022-02-13,20.63,0.0,55.26,2022
2022-02-14,19.84,0.0,58.65,2022
2022-02-15,18.98,0.0,64.95,2022
2022-02-16,18.67,0.0,66.68,2022
2022-02-17,19.85,0.0,59.9,2022
2022-02-18,20.7,0.0,58.94,2022
2022-02-19,21.54,0.0,63.29,2022
2022-02-20,22.01,0.0,52.69,2022
2022-02-21,22.03,0.0,43.39,2022
2022-02-22,22.68,0.0,43.17,2022
2022-02-23,23.42,0.0,48.61,2022
2022-02-24,23.83,0.0,49.2,2022
2022-02-25,24.04,0.0,48.31,2022
2022-02-26,23.87,0.0,47.03,2022
2022-02-27,22.99,0.0,46.4,2022
2022-02-28,22.96,0.0,40.48,2022
2022-03-01,23.4,0.0,39.71,2022
2022-03-02,24.37,0.0,40.82,2022
2022-03-03,24.67,0.0,40.68,2022
2022-03-04,24.65,0.0,39.47,2022
2022-03-05,25.06,0.0,39.91,2022
2022-03-06,25.5,0.0,43.95,2022
2022-03-07,25.9,0.06,46.33,2022
2022-03-08,26.32,0.08,47.05,2022
2022-03-09,26.69,0.04,44.53,2022
2022-03-10,25.72,0.01,42.44,2022
2022-03-11,27.06,0.68,45.46,2022
2022-03-12,26.56,0.08,47.34,2022
2022-03-13,25.98,0.0,37.46,2022
2022-03-14,26.07,0.0,27.11,2022
2022-03-15,26.6,0.0,32.59,2022
2022-03-16,27.81,0.0,31.02,2022
2022-03-17,28.1,0.0,31.26,2022
2022-03-18,28.6,0.0,31.03,2022
2022-03-19,27.62,0.0,40.12,2022
2022-03-20,26.49,0.0,45.84,2022
2022-03-21,26.62,0.0,46.31,2022
2022-03-22,27.92,0.0,33.38,2022
2022-03-23,28.57,0.01,34.59,2022
2022-03-24,27.61,0.04,40.61,2022
2022-03-25,27.39,0.04,47.32,2022
2022-03-26,27.54,0.0,48.13,2022
2022-03-27,28.26,0.0,48.61,2022
2022-03-28,28.79,0.0,48.76,2022
2022-03-29,28.79,0.0,38.44,2022
2022-03-30,28.98,0.0,30.23,2022
2022-03-31,27.99,0.0,31.33,2022
2022-04-01,28.2,0.0,25.37,2022
2022-04-02,28.99,0.0,28.08,2022
2022-04-03,28.91,0.0,35.11,2022
2022-04-04,29.5,0.0,33.39,2022
2022-04-05,29.64,0.01,46.19,2022
2022-04-06,29.83,0.04,49.51,2022
2022-04-07,30.43,0.0,36.11,2022
2022-04-08,30.57,0.39,29.15,2022
2022-04-09,29.09,0.28,45.47,2022
2022-04-10,28.18,0.01,53.5,2022
2022-04-11,29.54,0.01,39.75,2022
2022-04-12,30.38,0.0,35.42,2022
2022-04-13,30.39,0.0,29.76,2022
2022-04-14,28.89,0.0,35.85,2022
2022-04-15,27.43,0.0,54.16,2022
2022-04-16,28.28,0.0,48.85,2022
2022-04-17,28.63,0.02,50.19,2022
2022-04-18,28.95,0.0,50.57,2022
2022-04-19,27.54,0.0,52.42,2022
2022-04-20,28.8,0.0,49.36,2022
2022-04-21,31.03,0.0,30.29,2022
2022-04-22,31.6,6.3,33.74,2022
2022-04-23,29.28,1.61,55.03,2022
2022-04-24,28.71,0.11,49.0,2022
2022-04-25,30.09,0.0,45.56,2022
2022-04-26,30.09,0.85,37.55,2022
2022-04-27,31.73,0.0,29.37,2022
2022-04-28,32.36,0.0,29.64,2022
2022-04-29,30.6,0.01,42.85,2022
2022-04-30,29.94,0.0,40.44,2022
2022-05-01,28.62,0.0,55.03,2022
2022-05-02,27.8,0.0,58.85,2022
2022-05-03,27.17,0.0,63.76,2022
2022-05-04,28.99,0.0,54.02,2022
2022-05-05,29.32,0.0,52.77,2022
2022-05-06,29.42,0.0,53.92,2022
2022-05-07,29.61,0.0,54.97,2022
2022-05-08,30.68,0.0,50.11,2022
2022-05-09,30.05,0.0,52.46,2022
2022-05-10,28.47,0.0,61.8,2022
2022-05-11,29.2,0.0,63.19,2022
2022-05-12,28.99,0.01,63.7,2022
2022-05-13,28.57,0.0,61.62,2022
2022-05-14,28.92,0.01,60.54,2022
2022-05-15,28.81,0.0,60.77,2022
2022-05-16,30.0,0.01,58.59,2022
2022-05-17,29.28,0.02,60.73,2022
2022-05-18,28.52,0.0,61.1,2022
2022-05-19,28.48,2.31,59.91,2022
2022-05-20,27.05,0.98,65.63,2022
2022-05-21,26.81,0.07,68.54,2022
2022-05-22,27.0,0.06,69.67,2022
2022-05-23,27.53,0.95,71.1,2022
2022-05-24,27.99,0.64,68.23,2022
2022-05-25,27.94,0.11,63.19,2022
2022-05-26,27.51,0.0,60.37,2022
2022-05-27,27.81,0.0,60.43,2022
2022-05-28,27.96,0.0,60.28,2022
2022-05-29,27.66,0.0,61.35,2022
2022-05-30,27.96,0.0,62.37,2022
2022-05-31,28.08,2.17,62.01,2022
2022-06-01,27.86,2.79,63.34,2022
2022-06-02,28.02,0.04,60.0,2022
2022-06-03,28.32,0.02,60.4,2022
2022-06-04,28.21,0.01,59.74,2022
2022-06-05,28.48,2.12,60.68,2022
2022-06-06,27.4,2.65,64.64,2022
2022-06-07,27.58,0.1,64.67,2022
2022-06-08,27.64,0.14,67.58,2022
2022-06-09,27.68,1.32,68.82,2022
2022-06-10,26.96,9.37,74.06,2022
2022-06-11,25.08,13.7,82.24,2022
2022-06-12,25.43,3.16,76.54,2022
2022-06-13,26.18,0.92,72.12,2022
2022-06-14,26.77,0.26,67.12,2022
2022-06-15,26.38,1.78,74.37,2022
2022-06-16,25.98,5.65,77.15,2022
2022-06-17,25.73,3.68,77.13,2022
2022-06-18,25.7,3.03,74.4,2022
2022-06-19,25.64,16.32,81.28,2022
2022-06-20,25.46,9.69,81.61,2022
2022-06-21,25.11,6.85,83.45,2022
2022-06-22,25.36,11.24,83.31,2022
2022-06-23,25.06,13.46,78.95,2022
2022-06-24,24.21,11.14,86.16,2022
2022-06-25,24.15,9.82,91.41,2022
2022-06-26,24.45,15.06,88.86,2022
2022-06-27,24.39,13.7,86.25,2022
2022-06-28,24.92,9.09,84.11,2022
2022-06-29,24.9,20.41,86.89,2022
2022-06-30,24.04,28.71,87.92,2022
2022-07-01,24.23,33.1,88.76,2022
2022-07-02,24.56,17.97,86.91,2022
2022-07-03,24.7,13.19,86.08,2022
2022-07-04,24.02,41.88,91.92,2022
2022-07-05,23.62,61.67,92.13,2022
2022-07-06,24.1,55.4,90.07,2022
2022-07-07,23.48,36.87,91.74,2022
2022-07-08,23.31,48.67,93.76,2022
2022-07-09,23.49,33.7,92.05,2022
2022-07-10,22.95,41.09,94.61,2022
2022-07-11,22.96,63.9,94.98,2022
2022-07-12,22.57,60.15,94.79,2022
2022-07-13,22.56,78.23,95.44,2022
2022-07-14,22.51,81.98,95.35,2022
2022-07-15,22.85,31.37,93.61,2022
2022-07-16,23.56,27.59,92.63,2022
2022-07-17,23.9,14.72,91.97,2022
2022-07-18,22.69,14.52,94.22,2022
2022-07-19,23.5,14.54,91.77,2022
2022-07-20,23.43,9.52,91.13,2022
2022-07-21,23.24,8.5,91.88,2022
2022-07-22,23.04,6.07,92.02,2022
2022-07-23,23.29,17.64,92.97,2022
2022-07-24,23.33,16.73,91.95,2022
2022-07-25,23.08,11.58,91.24,2022
2022-07-26,23.33,4.9,90.46,2022
2022-07-27,23.92,12.17,88.82,2022
2022-07-28,23.89,19.51,89.59,2022
2022-07-29,24.4,4.42,90.32,2022
2022-07-30,24.08,3.3,91.48,2022
2022-07-31,23.94,2.73,90.45,2022
2022-08-01,23.95,0.98,89.45,2022
2022-08-02,23.67,3.5,91.08,2022
2022-08-03,23.78,13.01,92.64,2022
2022-08-04,23.85,14.99,91.75,2022
2022-08-05,23.88,13.22,91.69,2022
2022-08-06,23.43,19.67,90.57,2022
2022-08-07,23.31,36.61,95.03,2022
2022-08-08,23.12,51.92,96.02,2022
2022-08-09,22.87,55.66,94.63,2022
2022-08-10,22.99,37.21,94.3,2022
2022-08-11,22.9,34.88,94.26,2022
2022-08-12,23.03,21.6,92.71,2022
2022-08-13,23.03,18.25,92.51,2022
2022-08-14,22.72,12.84,92.13,2022
2022-08-15,21.87,26.02,95.25,2022
2022-08-16,22.12,22.92,94.39,2022
2022-08-17,22.86,16.4,92.92,2022
2022-08-18,22.87,10.63,92.44,2022
2022-08-19,23.17,10.11,92.09,2022
2022-08-20,23.19,9.55,91.83,2022
2022-08-21,22.74,7.61,92.69,2022
2022-08-22,23.01,13.38,92.36,2022
2022-08-23,23.56,14.47,91.77,2022
2022-08-24,23.31,9.03,90.85,2022
2022-08-25,23.1,4.66,91.21,2022
2022-08-26,23.02,1.34,90.24,2022
2022-08-27,22.82,0.24,89.45,2022
2022-08-28,22.91,0.4,89.33,2022
2022-08-29,23.44,0.34,86.7,2022
2022-08-30,24.16,5.07,88.22,2022
2022-08-31,24.85,15.17,90.63,2022
2022-09-01,24.35,6.36,92.36,2022
2022-09-02,25.06,2.08,86.22,2022
2022-09-03,25.12,5.38,87.24,2022
2022-09-04,24.13,5.58,91.02,2022
2022-09-05,23.93,5.57,91.41,2022
2022-09-06,23.98,10.69,88.84,2022
2022-09-07,24.16,13.17,90.37,2022
2022-09-08,24.34,47.46,88.74,2022
2022-09-09,24.32,9.34,90.0,2022
2022-09-10,24.36,7.54,89.5,2022
2022-09-11,24.26,23.9,91.92,2022
2022-09-12,22.99,27.18,95.46,2022
2022-09-13,23.45,23.45,93.25,2022
2022-09-14,23.22,19.98,92.98,2022
2022-09-15,23.52,32.29,93.5,2022
2022-09-16,23.05,39.53,95.59,2022
2022-09-17,23.36,21.65,92.53,2022
2022-09-18,22.68,18.1,91.79,2022
2022-09-19,21.86,7.98,91.04,2022
2022-09-20,21.58,6.85,92.8,2022
2022-09-21,21.45,2.54,93.48,2022
2022-09-22,21.18,2.35,92.71,2022
2022-09-23,21.65,5.64,92.98,2022
2022-09-24,22.25,3.51,91.28,2022
2022-09-25,22.75,4.31,90.65,2022
2022-09-26,22.02,3.64,92.15,2022
2022-09-27,22.81,1.35,90.26,2022
2022-09-28,22.65,1.49,92.09,2022
2022-09-29,22.93,9.11,91.9,2022
2022-09-30,23.95,15.29,89.48,2022
2022-10-01,23.7,9.24,91.2,2022
2022-10-02,22.91,5.55,90.24,2022
2022-10-03,22.67,0.57,89.59,2022
2022-10-04,23.29,1.83,88.07,2022
2022-10-05,23.25,1.75,89.67,2022
2022-10-06,21.82,9.27,90.21,2022
2022-10-07,22.63,30.66,94.12,2022
2022-10-08,22.68,8.37,92.5,2022
2022-10-09,23.3,0.21,86.81,2022
2022-10-10,24.02,3.17,89.62,2022
2022-10-11,24.05,12.95,90.91,2022
2022-10-12,23.32,13.42,95.15,2022
2022-10-13,22.88,7.38,90.07,2022
2022-10-14,23.11,34.28,91.15,2022
2022-10-15,23.0,4.76,87.66,2022
2022-10-16,22.58,0.91,85.38,2022
2022-10-17,24.35,24.58,89.94,2022
2022-10-18,22.97,24.22,94.15,2022
2022-10-19,23.62,4.18,88.64,2022
2022-10-20,23.51,4.27,88.15,2022
2022-10-21,23.41,12.67,91.54,2022
2022-10-22,21.71,0.11,85.48,2022
2022-10-23,19.49,0.0,78.91,2022
2022-10-24,20.11,0.0,72.74,2022
2022-10-25,20.36,0.0,69.13,2022
2022-10-26,19.61,0.0,76.26,2022
2022-10-27,19.58,0.0,77.22,2022
2022-10-28,18.97,0.0,76.26,2022
2022-10-29,18.69,0.0,75.13,2022
2022-10-30,19.35,0.0,79.4,2022
2022-10-31,19.68,0.0,81.59,2022
2022-11-01,19.29,0.0,80.96,2022
2022-11-02,20.25,0.0,81.07,2022
2022-11-03,19.64,0.0,77.89,2022
2022-11-04,19.59,0.0,76.32,2022
2022-11-05,20.05,0.0,73.19,2022
2022-11-06,19.97,0.0,70.24,2022
2022-11-07,20.59,0.0,71.17,2022
2022-11-08,21.02,0.0,75.39,2022
2022-11-09,20.77,0.0,78.23,2022
2022-11-10,19.48,0.0,79.63,2022
2022-11-11,19.18,0.0,80.85,2022
2022-11-12,19.91,0.0,83.8,2022
2022-11-13,19.77,0.0,80.57,2022
2022-11-14,20.54,0.0,81.42,2022
2022-11-15,20.32,0.0,79.07,2022
2022-11-16,18.85,0.0,78.71,2022
2022-11-17,18.1,0.0,78.63,2022
2022-11-18,17.87,0.0,78.57,2022
2022-11-19,17.61,0.0,77.6,2022
2022-11-20,16.08,0.0,74.98,2022
2022-11-21,16.66,0.0,71.88,2022
2022-11-22,19.07,0.0,77.79,2022
2022-11-23,20.79,0.0,82.06,2022
2022-11-24,21.16,0.0,80.64,2022
2022-11-25,21.73,0.11,84.25,2022
2022-11-26,21.63,0.07,83.86,2022
2022-11-27,21.0,0.0,82.03,2022
2022-11-28,21.17,0.0,79.48,2022
2022-11-29,20.24,0.0,75.11,2022
2022-11-30,19.25,0.0,76.38,2022
2022-12-01,18.77,0.0,70.97,2022
2022-12-02,19.54,0.0,70.78,2022
2022-12-03,20.96,0.0,77.6,2022
2022-12-04,22.29,0.0,82.96,2022
2022-12-05,21.94,0.0,82.99,2022
2022-12-06,20.75,0.0,77.83,2022
2022-12-07,19.93,0.0,81.28,2022
2022-12-08,17.82,0.0,76.08,2022
2022-12-09,16.33,0.0,66.33,2022
2022-12-10,18.31,0.0,71.23,2022
2022-12-11,21.45,0.1,81.03,2022
2022-12-12,22.08,0.02,85.37,2022
2022-12-13,21.69,0.01,85.57,2022
2022-12-14,22.19,0.51,84.31,2022
2022-12-15,22.48,0.12,83.51,2022
2022-12-16,22.8,0.01,80.57,2022
2022-12-17,22.47,0.0,79.88,2022
2022-12-18,21.5,0.0,78.64,2022
2022-12-19,19.59,0.0,71.14,2022
2022-12-20,19.34,0.0,66.45,2022
2022-12-21,19.94,0.0,67.87,2022
2022-12-22,20.15,0.0,66.06,2022
2022-12-23,19.74,0.0,70.07,2022
2022-12-24,19.25,0.0,62.81,2022
2022-12-25,19.25,0.0,66.0,2022
2022-12-26,19.79,0.0,74.78,2022
2022-12-27,21.01,0.0,79.39,2022
2022-12-28,21.35,0.0,69.39,2022
2022-12-29,20.54,0.0,66.87,2022
2022-12-30,20.21,0.0,63.87,2022
2022-12-31,18.95,0.0,65.49,2022
2023-01-01,18.44,0.0,64.42,2023
2023-01-02,18.86,0.0,65.4,2023
2023-01-03,18.71,0.0,66.97,2023
2023-01-04,19.13,0.0,67.0,2023
2023-01-05,20.01,0.0,76.19,2023
2023-01-06,20.56,0.0,79.36,2023
2023-01-07,20.07,0.0,77.07,2023
2023-01-08,18.45,0.0,68.71,2023
2023-01-09,17.48,0.0,54.17,2023
2023-01-10,17.62,0.0,50.62,2023
2023-01-11,18.18,0.0,52.59,2023
2023-01-12,18.19,0.0,49.16,2023
2023-01-13,16.48,0.0,68.05,2023
2023-01-14,16.32,0.0,67.07,2023
2023-01-15,17.33,0.0,62.33,2023
2023-01-16,18.16,0.0,58.05,2023
2023-01-17,18.45,0.0,57.32,2023
2023-01-18,19.37,0.0,54.3,2023
2023-01-19,19.93,0.0,56.03,2023
2023-01-20,20.03,0.0,58.38,2023
2023-01-21,18.7,0.0,67.36,2023
2023-01-22,18.17,0.0,67.64,2023
2023-01-23,17.96,0.0,63.98,2023
2023-01-24,17.28,0.01,67.42,2023
2023-01-25,18.0,0.06,69.26,2023
2023-01-26,19.99,0.02,73.66,2023
2023-01-27,21.99,0.0,63.71,2023
2023-01-28,21.32,0.0,55.1,2023
2023-01-29,20.65,0.0,75.7,2023
2023-01-30,20.84,0.0,75.73,2023
2023-01-31,20.95,0.0,64.69,2023
2023-02-01,20.91,0.0,63.99,2023
2023-02-02,20.78,0.0,59.23,2023
2023-02-03,20.22,0.0,43.51,2023
2023-02-04,20.69,0.0,42.78,2023
2023-02-05,20.85,0.0,45.52,2023
2023-02-06,20.99,0.0,42.14,2023
2023-02-07,20.11,0.0,44.98,2023
2023-02-08,21.57,0.0,41.86,2023
2023-02-09,22.13,0.0,39.14,2023
2023-02-10,22.34,0.0,37.87,2023
2023-02-11,22.02,0.0,35.84,2023
2023-02-12,21.96,0.0,35.5,2023
2023-02-13,22.6,0.0,31.4,2023
2023-02-14,22.45,0.0,27.88,2023
2023-02-15,22.39,0.0,28.23,2023
2023-02-16,23.09,0.0,28.85,2023
2023-02-17,23.44,0.0,29.87,2023
2023-02-18,23.55,0.0,29.51,2023
2023-02-19,23.6,0.0,29.76,2023
2023-02-20,23.54,0.0,31.7,2023
2023-02-21,23.87,0.0,31.44,2023
2023-02-22,23.39,0.0,34.06,2023
2023-02-23,23.98,0.0,30.43,2023
2023-02-24,24.15,0.0,26.83,2023
2023-02-25,23.94,0.0,29.55,2023
2023-02-26,23.96,0.0,30.25,2023
2023-02-27,23.63,0.0,29.1,2023
2023-02-28,24.1,0.0,33.61,2023
2023-03-01,24.59,0.0,34.46,2023
2023-03-02,25.53,0.0,34.85,2023
2023-03-03,26.09,0.0,35.2,2023
2023-03-04,26.54,0.0,37.73,2023
2023-03-05,26.24,0.0,39.73,2023
2023-03-06,26.24,0.21,39.31,2023
2023-03-07,24.92,1.35,40.3,2023
2023-03-08,25.53,0.03,37.95,2023
2023-03-09,25.52,0.0,38.43,2023
2023-03-10,25.11,0.0,35.85,2023
2023-03-11,26.13,0.0,36.2,2023
2023-03-12,27.23,0.0,35.34,2023
2023-03-13,26.79,0.0,35.48,2023
2023-03-14,27.25,0.0,37.07,2023
2023-03-15,26.16,0.67,41.05,2023
2023-03-16,25.0,2.29,51.48,2023
2023-03-17,24.05,1.09,59.47,2023
2023-03-18,24.0,0.35,55.44,2023
2023-03-19,22.72,0.36,58.48,2023
2023-03-20,22.02,0.76,64.67,2023
2023-03-21,21.99,4.72,70.36,2023
2023-03-22,22.61,0.01,63.48,2023
2023-03-23,22.31,0.0,64.02,2023
2023-03-24,23.69,0.0,61.25,2023
2023-03-25,22.95,0.0,51.5,2023
2023-03-26,22.87,0.0,48.55,2023
2023-03-27,23.22,0.0,59.53,2023
2023-03-28,24.1,0.0,57.19,2023
2023-03-29,24.61,0.0,55.21,2023
2023-03-30,23.88,0.0,60.25,2023
2023-03-31,23.64,0.0,62.97,2023
2023-04-01,24.54,0.0,46.02,2023
2023-04-02,24.56,0.0,58.9,2023
2023-04-03,24.71,0.0,56.37,2023
2023-04-04,26.1,0.0,52.79,2023
2023-04-05,27.48,0.0,42.46,2023
2023-04-06,28.17,0.57,40.75,2023
2023-04-07,28.38,1.34,38.98,2023
2023-04-08,28.69,0.57,45.43,2023
2023-04-09,28.72,2.07,48.68,2023
2023-04-10,29.75,0.05,40.98,2023
2023-04-11,30.25,0.01,38.64,2023
2023-04-12,30.92,0.51,37.54,2023
2023-04-13,30.57,0.03,35.98,2023
2023-04-14,27.77,8.04,50.13,2023
2023-04-15,27.84,0.85,52.14,2023
2023-04-16,28.97,2.29,47.4,2023
2023-04-17,28.92,0.0,42.42,2023
2023-04-18,30.92,0.0,35.19,2023
2023-04-19,31.13,0.01,32.41,2023
2023-04-20,29.36,1.48,38.63,2023
2023-04-21,27.44,0.29,44.96,2023
2023-04-22,26.02,0.0,54.58,2023
2023-04-23,26.78,0.0,54.39,2023
2023-04-24,28.54,0.0,37.74,2023
2023-04-25,29.07,0.0,30.2,2023
2023-04-26,26.61,0.01,57.62,2023
2023-04-27,27.79,0.18,54.1,2023
2023-04-28,27.83,0.45,54.63,2023
2023-04-29,27.21,2.55,57.0,2023
2023-04-30,26.33,0.02,53.83,2023
2023-05-01,26.09,0.01,50.56,2023
2023-05-02,25.95,0.55,54.56,2023
2023-05-03,26.48,0.58,61.26,2023
2023-05-04,27.07,0.71,57.14,2023
2023-05-05,27.61,0.01,55.5,2023
2023-05-06,28.25,0.03,56.33,2023
2023-05-07,27.46,1.9,62.64,2023
2023-05-08,28.39,2.77,60.72,2023
2023-05-09,28.74,3.08,61.47,2023
2023-05-10,30.62,0.4,50.21,2023
2023-05-11,31.06,0.0,41.03,2023
2023-05-12,30.16,0.0,51.75,2023
2023-05-13,29.93,0.0,53.63,2023
2023-05-14,28.83,0.0,55.19,2023
2023-05-15,28.19,0.0,59.39,2023
2023-05-16,27.97,0.0,62.79,2023
2023-05-17,29.27,0.0,56.33,2023
2023-05-18,29.76,0.0,51.44,2023
2023-05-19,30.02,0.0,48.77,2023
2023-05-20,29.21,0.0,55.34,2023
2023-05-21,29.54,0.01,55.83,2023
2023-05-22,29.88,0.16,50.45,2023
2023-05-23,30.15,0.0,45.39,2023
2023-05-24,29.11,0.0,50.19,2023
2023-05-25,28.09,0.11,57.16,2023
2023-05-26,27.8,2.27,62.18,2023
2023-05-27,27.69,0.02,60.52,2023
2023-05-28,28.69,0.07,58.93,2023
2023-05-29,29.93,2.03,55.51,2023
2023-05-30,29.44,2.74,54.23,2023
2023-05-31,29.99,0.34,52.77,2023
2023-06-01,29.37,0.87,53.39,2023
2023-06-02,27.79,2.21,61.51,2023
2023-06-03,27.42,0.14,67.17,2023
2023-06-04,27.17,3.36,71.49,2023
2023-06-05,26.72,4.27,71.16,2023
2023-06-06,28.06,0.02,66.89,2023
2023-06-07,28.35,0.03,63.66,2023
2023-06-08,28.66,1.46,65.23,2023
2023-06-09,27.77,3.38,71.77,2023
2023-06-10,27.48,2.2,72.54,2023
2023-06-11,27.72,0.23,66.91,2023
2023-06-12,27.56,2.47,66.93,2023
2023-06-13,27.03,1.69,70.79,2023
2023-06-14,26.8,6.14,73.39,2023
2023-06-15,26.88,1.66,74.77,2023
2023-06-16,27.15,1.37,74.93,2023
2023-06-17,27.03,1.11,76.03,2023
2023-06-18,27.06,0.37,74.77,2023
2023-06-19,27.14,0.08,73.77,2023
2023-06-20,27.53,0.08,72.79,2023
2023-06-21,26.71,0.22,74.03,2023
2023-06-22,27.15,0.9,71.15,2023
2023-06-23,26.97,1.42,72.15,2023
2023-06-24,25.51,39.91,82.1,2023
2023-06-25,24.64,33.15,83.48,2023
2023-06-26,23.89,46.52,87.72,2023
2023-06-27,23.09,38.73,89.01,2023
2023-06-28,23.58,26.72,89.34,2023
2023-06-29,23.4,16.77,84.87,2023
2023-06-30,23.86,64.8,90.17,2023
2023-07-01,23.88,24.84,89.49,2023
2023-07-02,24.88,19.11,88.04,2023
2023-07-03,25.04,27.65,90.18,2023
2023-07-04,24.71,20.32,90.8,2023
2023-07-05,24.31,10.79,89.44,2023
2023-07-06,23.93,30.37,91.56,2023
2023-07-07,24.49,38.2,90.99,2023
2023-07-08,24.4,17.81,88.16,2023
2023-07-09,24.06,8.16,88.9,2023
2023-07-10,24.3,4.56,87.83,2023
2023-07-11,24.23,3.32,87.6,2023
2023-07-12,23.94,4.58,88.52,2023
2023-07-13,23.47,12.12,87.7,2023
2023-07-14,24.22,16.84,87.95,2023
2023-07-15,24.32,9.22,88.38,2023
2023-07-16,24.1,15.26,91.65,2023
2023-07-17,24.09,31.63,90.93,2023
2023-07-18,24.05,82.44,92.17,2023
2023-07-19,23.58,94.4,93.23,2023
2023-07-20,23.03,45.73,94.27,2023
2023-07-21,22.55,42.9,93.97,2023
2023-07-22,23.09,40.17,94.9,2023
2023-07-23,23.82,38.31,93.18,2023
2023-07-24,23.95,47.54,93.14,2023
2023-07-25,23.35,44.66,95.26,2023
2023-07-26,23.42,64.93,95.31,2023
2023-07-27,23.21,58.67,95.41,2023
2023-07-28,23.54,34.73,92.99,2023
2023-07-29,23.37,18.67,92.5,2023
2023-07-30,23.57,15.89,92.6,2023
2023-07-31,23.84,17.48,92.84,2023
2023-08-01,23.73,16.68,92.73,2023
2023-08-02,23.0,6.12,93.6,2023
2023-08-03,23.14,5.94,92.0,2023
2023-08-04,23.51,11.05,91.3,2023
2023-08-05,23.25,7.09,91.76,2023
2023-08-06,23.42,5.75,90.64,2023
2023-08-07,23.24,3.11,90.78,2023
2023-08-08,23.33,3.51,90.47,2023
2023-08-09,23.4,4.99,91.19,2023
2023-08-10,23.25,5.51,91.09,2023
2023-08-11,23.45,3.03,89.71,2023
2023-08-12,23.17,4.51,89.82,2023
2023-08-13,22.7,6.16,91.33,2023
2023-08-14,23.04,2.77,89.89,2023
2023-08-15,23.03,2.98,89.34,2023
2023-08-16,23.23,3.69,89.38,2023
2023-08-17,23.31,4.11,89.4,2023
2023-08-18,22.95,3.4,90.83,2023
2023-08-19,23.31,8.48,90.65,2023
2023-08-20,23.46,8.48,89.97,2023
2023-08-21,23.17,3.92,89.41,2023
2023-08-22,23.16,6.1,89.84,2023
2023-08-23,23.13,3.85,90.59,2023
2023-08-24,23.57,9.84,89.63,2023
2023-08-25,23.97,14.53,90.66,2023
2023-08-26,23.85,13.71,90.42,2023
2023-08-27,23.91,12.2,89.33,2023
2023-08-28,23.55,9.05,90.3,2023
2023-08-29,23.57,1.65,89.27,2023
2023-08-30,23.7,0.18,87.57,2023
2023-08-31,24.28,1.37,86.84,2023
2023-09-01,24.83,12.8,86.79,2023
2023-09-02,23.57,17.73,92.04,2023
2023-09-03,23.52,3.86,90.05,2023
2023-09-04,23.34,2.43,89.37,2023
2023-09-05,23.07,0.35,88.51,2023
2023-09-06,23.38,3.73,89.93,2023
2023-09-07,22.72,38.47,93.73,2023
2023-09-08,23.22,46.07,95.5,2023
2023-09-09,24.08,16.04,92.45,2023
2023-09-10,24.14,7.67,90.93,2023
2023-09-11,24.12,4.07,90.36,2023
2023-09-12,23.35,1.52,90.58,2023
2023-09-13,23.13,3.62,90.94,2023
2023-09-14,23.06,3.62,90.16,2023
2023-09-15,22.94,1.66,91.87,2023
2023-09-16,23.38,4.85,92.9,2023
2023-09-17,24.04,5.88,90.6,2023
2023-09-18,24.18,12.01,90.26,2023
2023-09-19,24.04,10.48,90.55,2023
2023-09-20,24.22,14.18,90.98,2023
2023-09-21,24.31,23.02,92.81,2023
2023-09-22,23.78,15.92,91.81,2023
2023-09-23,23.35,29.98,93.13,2023
2023-09-24,22.91,7.92,91.3,2023
2023-09-25,23.14,7.28,90.72,2023
2023-09-26,23.86,22.38,91.74,2023
2023-09-27,24.22,20.12,91.38,2023
2023-09-28,24.5,16.02,90.11,2023
2023-09-29,24.44,14.33,90.28,2023
2023-09-30,24.56,12.5,89.1,2023
2023-10-01,23.58,25.36,92.79,2023
2023-10-02,22.42,8.84,92.18,2023
2023-10-03,23.42,0.12,88.5,2023
2023-10-04,23.49,0.0,87.99,2023
2023-10-05,22.76,0.0,85.94,2023
2023-10-06,23.27,0.0,85.22,2023
2023-10-07,24.15,0.0,83.74,2023
2023-10-08,24.25,0.0,81.92,2023
2023-10-09,23.87,0.0,81.79,2023
2023-10-10,23.44,0.0,83.26,2023
2023-10-11,23.65,0.0,84.11,2023
2023-10-12,24.12,0.0,78.77,2023
2023-10-13,24.3,0.0,75.38,2023
2023-10-14,23.97,0.0,74.33,2023
2023-10-15,24.03,0.05,79.28,2023
2023-10-16,24.23,0.07,77.45,2023
2023-10-17,24.08,0.93,79.11,2023
2023-10-18,23.74,0.15,80.47,2023
2023-10-19,24.23,0.12,76.22,2023
2023-10-20,24.07,0.12,79.17,2023
2023-10-21,23.7,0.02,81.07,2023
2023-10-22,23.43,0.0,79.57,2023
2023-10-23,22.9,0.0,76.3,2023
2023-10-24,22.74,0.0,78.05,2023
2023-10-25,22.17,0.0,74.26,2023
2023-10-26,21.09,0.0,69.38,2023
2023-10-27,20.73,0.0,66.73,2023
2023-10-28,20.85,0.0,69.58,2023
2023-10-29,21.17,0.0,69.04,2023
2023-10-30,20.9,0.0,70.19,2023
2023-10-31,20.65,0.0,72.45,2023
2023-11-01,20.65,0.0,75.65,2023
2023-11-02,21.21,0.0,74.68,2023
2023-11-03,21.6,0.0,73.67,2023
2023-11-04,22.46,0.0,71.42,2023
2023-11-05,22.63,0.0,78.89,2023
2023-11-06,21.73,0.0,76.0,2023
2023-11-07,22.87,0.01,81.69,2023
2023-11-08,22.95,3.55,86.06,2023
2023-11-09,23.44,0.52,86.53,2023
2023-11-10,22.67,13.34,89.82,2023
2023-11-11,22.69,2.8,80.57,2023
2023-11-12,22.24,0.0,72.84,2023
2023-11-13,21.93,0.0,74.19,2023
2023-11-14,21.25,0.0,75.72,2023
2023-11-15,20.84,0.0,72.93,2023
2023-11-16,20.07,0.0,70.86,2023
2023-11-17,20.22,0.0,68.44,2023
2023-11-18,20.79,0.0,71.94,2023
2023-11-19,22.56,0.0,74.01,2023
2023-11-20,22.56,0.0,74.84,2023
2023-11-21,21.07,0.0,71.41,2023
2023-11-22,20.1,0.0,69.44,2023
2023-11-23,21.03,0.0,72.41,2023
2023-11-24,22.65,0.0,77.27,2023
2023-11-25,22.9,3.33,79.77,2023
2023-11-26,22.73,6.34,85.69,2023
2023-11-27,22.57,3.32,87.18,2023
2023-11-28,22.12,0.27,86.2,2023
2023-11-29,21.56,0.2,86.76,2023
2023-11-30,21.59,1.38,85.93,2023
2023-12-01,21.32,0.75,84.23,2023
2023-12-02,22.08,0.29,78.37,2023
2023-12-03,22.92,0.0,73.09,2023
2023-12-04,22.78,0.0,77.09,2023
2023-12-05,21.68,0.01,75.98,2023
2023-12-06,20.9,0.01,79.05,2023
2023-12-07,20.99,0.0,78.64,2023
2023-12-08,20.89,0.0,76.04,2023
2023-12-09,20.99,0.0,75.25,2023
2023-12-10,20.89,0.0,75.86,2023
2023-12-11,20.33,0.0,74.77,2023
2023-12-12,20.15,0.0,74.54,2023
2023-12-13,20.27,0.0,72.25,2023
2023-12-14,19.62,0.0,70.31,2023
2023-12-15,18.83,0.0,67.53,2023
2023-12-16,18.46,0.0,70.29,2023
2023-12-17,19.9,0.0,75.69,2023
2023-12-18,19.76,0.0,71.2,2023
2023-12-19,18.5,0.0,66.47,2023
2023-12-20,18.42,0.0,58.88,2023
2023-12-21,18.52,0.0,58.77,2023
2023-12-22,20.2,0.0,55.08,2023
2023-12-23,20.71,0.0,53.41,2023
2023-12-24,20.0,0.0,59.99,2023
2023-12-25,20.57,0.0,55.2,2023
2023-12-26,20.08,0.0,58.01,2023
2023-12-27,19.84,0.0,62.16,2023
2023-12-28,20.38,0.0,61.0,2023
2023-12-29,20.76,0.0,60.67,2023
2023-12-30,21.2,0.0,61.43,2023
2023-12-31,21.15,0.0,58.41,2023
2024-01-01,20.83,0.0,62.72,2024
2024-01-02,20.28,0.0,66.23,2024
2024-01-03,20.01,0.0,70.21,2024
2024-01-04,19.78,0.0,65.84,2024
2024-01-05,18.91,0.0,62.72,2024
2024-01-06,20.03,0.0,66.01,2024
2024-01-07,21.36,0.0,67.35,2024
2024-01-08,22.38,0.01,59.48,2024
2024-01-09,20.72,2.44,70.37,2024
2024-01-10,21.51,0.37,68.86,2024
2024-01-11,22.37,0.04,67.12,2024
2024-01-12,22.29,0.0,59.5,2024
2024-01-13,21.63,0.0,63.24,2024
2024-01-14,20.37,0.0,59.77,2024
2024-01-15,18.74,0.0,54.13,2024
2024-01-16,18.43,0.0,52.72,2024
2024-01-17,19.04,0.0,61.35,2024
2024-01-18,18.3,0.0,69.71,2024
2024-01-19,19.14,0.0,60.25,2024
2024-01-20,19.26,0.0,69.02,2024
2024-01-21,19.44,0.0,57.99,2024
2024-01-22,19.54,0.0,56.6,2024
2024-01-23,17.94,0.0,49.2,2024
2024-01-24,18.21,0.0,43.64,2024
2024-01-25,19.06,0.0,36.35,2024
2024-01-26,19.86,0.0,41.66,2024
2024-01-27,21.6,0.0,44.82,2024
2024-01-28,21.35,0.0,47.52,2024
2024-01-29,21.26,0.0,48.8,2024
2024-01-30,20.55,0.0,49.7,2024
2024-01-31,20.79,0.0,55.24,2024
2024-02-01,19.39,0.0,63.7,2024
2024-02-02,20.01,0.0,60.52,2024
2024-02-03,22.11,0.0,46.8,2024
2024-02-04,23.45,0.0,50.26,2024
2024-02-05,23.43,0.0,51.44,2024
2024-02-06,23.51,0.0,50.16,2024
2024-02-07,23.37,0.0,49.11,2024
2024-02-08,22.81,0.0,43.51,2024
2024-02-09,22.35,0.0,43.21,2024
2024-02-10,21.88,0.0,44.13,2024
2024-02-11,22.02,0.0,40.84,2024
2024-02-12,22.42,0.0,43.73,2024
2024-02-13,22.19,0.0,43.44,2024
2024-02-14,22.35,0.0,39.1,2024
2024-02-15,23.89,0.0,41.34,2024
2024-02-16,25.63,0.0,40.89,2024
2024-02-17,24.42,0.0,38.5,2024
2024-02-18,24.09,0.0,45.77,2024
2024-02-19,24.24,0.0,37.7,2024
2024-02-20,22.9,0.0,45.68,2024
2024-02-21,21.61,0.0,61.83,2024
2024-02-22,21.31,0.0,63.81,2024
2024-02-23,20.56,0.0,55.69,2024
2024-02-24,21.28,0.0,33.95,2024
2024-02-25,21.87,0.0,28.81,2024
2024-02-26,25.05,0.0,43.15,2024
2024-02-27,26.21,0.28,45.73,2024
2024-02-28,27.09,0.07,45.75,2024
2024-02-29,28.26,0.02,42.02,2024
2024-03-01,27.89,0.49,45.76,2024
2024-03-02,25.18,0.04,57.25,2024
2024-03-03,22.41,0.0,68.96,2024
2024-03-04,20.78,0.0,51.19,2024
2024-03-05,22.65,0.0,36.71,2024
2024-03-06,23.17,0.0,32.21,2024
2024-03-07,24.13,0.0,28.66,2024
2024-03-08,25.04,0.0,32.57,2024
2024-03-09,25.43,0.0,31.08,2024
2024-03-10,25.74,0.0,29.64,2024
2024-03-11,26.25,0.0,30.08,2024
2024-03-12,26.59,0.0,35.5,2024
2024-03-13,25.24,0.0,43.13,2024
2024-03-14,24.36,0.0,45.7,2024
2024-03-15,24.02,0.0,42.63,2024
2024-03-16,24.35,0.0,43.26,2024
2024-03-17,25.65,0.0,38.36,2024
2024-03-18,25.28,0.0,37.38,2024
2024-03-19,25.15,0.0,43.79,2024
2024-03-20,26.35,0.0,22.58,2024
2024-03-21,26.84,0.0,26.25,2024
2024-03-22,27.95,0.0,28.03,2024
2024-03-23,27.5,0.0,30.8,2024
2024-03-24,28.22,0.0,36.98,2024
2024-03-25,28.7,0.0,37.5,2024
2024-03-26,29.46,0.0,36.41,2024
2024-03-27,29.85,0.0,43.5,2024
2024-03-28,29.89,0.02,44.52,2024
2024-03-29,30.23,0.26,44.38,2024
2024-03-30,29.79,0.01,44.54,2024
2024-03-31,30.43,0.0,35.27,2024
2024-04-01,30.45,0.0,29.79,2024
2024-04-02,29.23,0.0,33.77,2024
2024-04-03,29.02,0.0,37.36,2024
2024-04-04,29.36,0.0,33.98,2024
2024-04-05,30.01,0.0,33.28,2024
2024-04-06,29.71,0.0,32.01,2024
2024-04-07,29.02,0.0,32.41,2024
2024-04-08,29.15,0.0,33.13,2024
2024-04-09,29.33,0.0,41.26,2024
2024-04-10,29.88,0.0,35.89,2024
2024-04-11,29.31,0.0,32.02,2024
2024-04-12,29.36,0.0,33.48,2024
2024-04-13,28.74,0.01,42.13,2024
2024-04-14,29.11,0.0,48.23,2024
2024-04-15,31.78,0.0,45.48,2024
2024-04-16,33.42,0.0,33.59,2024
2024-04-17,32.85,0.0,33.09,2024
2024-04-18,31.09,0.0,41.95,2024
2024-04-19,31.25,0.0,44.71,2024
2024-04-20,30.35,3.59,49.47,2024
2024-04-21,29.82,0.43,46.12,2024
2024-04-22,29.42,0.02,47.51,2024
2024-04-23,29.76,0.07,44.45,2024
2024-04-24,30.85,1.45,43.0,2024
2024-04-25,31.25,0.38,44.08,2024
2024-04-26,31.16,0.05,46.09,2024
2024-04-27,32.71,0.0,38.64,2024
2024-04-28,33.57,0.0,34.09,2024
2024-04-29,33.2,0.0,33.06,2024
2024-04-30,32.59,0.0,29.48,2024
2024-05-01,30.06,0.0,39.61,2024
2024-05-02,29.46,0.0,39.68,2024
2024-05-03,28.81,0.0,43.51,2024
2024-05-04,29.26,0.0,46.03,2024
2024-05-05,30.12,0.0,50.84,2024
2024-05-06,29.41,0.01,54.91,2024
2024-05-07,29.45,0.0,57.19,2024
2024-05-08,29.83,0.02,52.14,2024
2024-05-09,29.75,0.04,53.14,2024
2024-05-10,29.79,6.57,55.23,2024
2024-05-11,29.3,17.09,59.81,2024
2024-05-12,28.79,2.36,64.55,2024
2024-05-13,29.67,3.47,59.12,2024
2024-05-14,29.3,5.88,60.64,2024
2024-05-15,29.13,6.22,60.96,2024
2024-05-16,29.79,2.21,60.93,2024
2024-05-17,29.6,1.54,60.16,2024
2024-05-18,29.94,1.71,58.66,2024
2024-05-19,30.32,2.47,58.79,2024
2024-05-20,29.63,5.15,64.35,2024
2024-05-21,30.15,3.14,61.16,2024
2024-05-22,31.03,0.97,61.64,2024
2024-05-23,31.02,2.46,59.53,2024
2024-05-24,29.5,0.13,62.49,2024
2024-05-25,28.28,0.02,65.41,2024
2024-05-26,28.39,0.03,66.24,2024
2024-05-27,28.46,0.0,66.74,2024
2024-05-28,28.66,0.0,67.88,2024
2024-05-29,28.68,0.01,70.62,2024
2024-05-30,29.26,0.01,67.49,2024
2024-05-31,29.38,0.03,64.0,2024
2024-06-01,29.58,0.05,63.36,2024
2024-06-02,29.56,0.22,61.28,2024
2024-06-03,27.89,8.28,72.9,2024
2024-06-04,27.36,13.79,76.87,2024
2024-06-05,27.14,13.24,77.68,2024
2024-06-06,27.64,10.72,75.54,2024
2024-06-07,27.14,5.37,76.72,2024
2024-06-08,26.57,36.55,79.05,2024
2024-06-09,25.15,43.36,88.47,2024
2024-06-10,24.81,14.18,84.83,2024
2024-06-11,24.92,8.31,81.66,2024
2024-06-12,25.0,7.56,84.35,2024
2024-06-13,25.5,11.46,81.12,2024
2024-06-14,25.19,8.72,85.85,2024
2024-06-15,25.92,2.35,82.33,2024
2024-06-16,26.06,2.17,81.04,2024
2024-06-17,25.58,2.64,82.74,2024
2024-06-18,25.33,9.39,81.85,2024
2024-06-19,24.77,12.99,86.39,2024
2024-06-20,25.44,24.04,87.64,2024
2024-06-21,25.91,12.67,86.95,2024
2024-06-22,26.47,9.58,84.33,2024
2024-06-23,25.06,10.92,87.1,2024
2024-06-24,25.37,6.47,81.43,2024
2024-06-25,24.82,13.0,88.93,2024
2024-06-26,25.29,18.78,91.01,2024
2024-06-27,24.33,18.9,87.58,2024
2024-06-28,23.7,28.34,91.4,2024
2024-06-29,25.29,15.14,87.39,2024
2024-06-30,25.12,15.81,88.39,2024
2024-07-01,25.54,20.81,86.75,2024
2024-07-02,25.44,26.42,88.42,2024
2024-07-03,25.53,6.51,86.14,2024
2024-07-04,25.24,7.6,87.55,2024
2024-07-05,25.51,12.41,86.83,2024
2024-07-06,25.29,24.73,88.57,2024
2024-07-07,25.08,33.72,90.62,2024
2024-07-08,24.86,34.67,91.27,2024
2024-07-09,23.46,21.69,89.29,2024
2024-07-10,23.52,8.71,88.07,2024
2024-07-11,24.31,4.32,87.84,2024
2024-07-12,24.46,48.07,90.49,2024
2024-07-13,24.26,64.9,93.89,2024
2024-07-14,24.45,47.45,93.58,2024
2024-07-15,23.75,18.6,90.56,2024
2024-07-16,22.85,6.98,89.92,2024
2024-07-17,24.03,21.26,91.98,2024
2024-07-18,24.16,31.23,93.08,2024
2024-07-19,24.1,30.94,92.52,2024
2024-07-20,23.85,42.66,95.11,2024
2024-07-21,24.14,53.32,94.38,2024
2024-07-22,23.5,49.7,95.11,2024
2024-07-23,23.7,67.95,95.38,2024
2024-07-24,23.53,82.6,95.59,2024
2024-07-25,22.8,125.97,94.87,2024
2024-07-26,23.42,32.11,93.56,2024
2024-07-27,23.58,16.61,93.84,2024
2024-07-28,23.18,21.94,95.18,2024
2024-07-29,23.83,33.27,93.5,2024
2024-07-30,24.14,33.79,92.48,2024
2024-07-31,24.43,19.25,92.79,2024
2024-08-01,24.11,26.05,93.98,2024
2024-08-02,23.55,28.65,94.82,2024
2024-08-03,23.25,61.46,95.22,2024
2024-08-04,23.29,38.81,95.41,2024
2024-08-05,23.56,17.23,93.16,2024
2024-08-06,23.6,11.41,92.25,2024
2024-08-07,23.68,8.94,92.04,2024
2024-08-08,23.82,7.59,91.2,2024
2024-08-09,24.0,9.15,91.09,2024
2024-08-10,23.88,9.13,91.64,2024
2024-08-11,23.74,7.13,91.87,2024
2024-08-12,24.08,2.95,90.96,2024
2024-08-13,24.47,1.45,90.18,2024
2024-08-14,24.59,0.16,89.24,2024
2024-08-15,24.56,1.03,89.94,2024
2024-08-16,24.52,2.21,90.22,2024
2024-08-17,24.88,25.82,87.93,2024
2024-08-18,25.2,91.08,90.74,2024
2024-08-19,25.24,21.86,90.68,2024
2024-08-20,25.04,9.79,90.83,2024
2024-08-21,24.83,2.53,89.57,2024
2024-08-22,25.53,5.15,88.54,2024
2024-08-23,24.73,19.69,91.4,2024
2024-08-24,23.63,56.66,95.26,2024
2024-08-25,23.26,37.34,94.44,2024
2024-08-26,23.79,32.96,94.64,2024
2024-08-27,23.81,21.23,92.69,2024
2024-08-28,23.55,14.03,93.22,2024
2024-08-29,23.85,5.32,92.34,2024
2024-08-30,23.82,5.95,92.11,2024
2024-08-31,23.52,3.49,92.74,2024
2024-09-01,23.28,3.92,93.89,2024
2024-09-02,21.84,15.01,94.33,2024
2024-09-03,22.16,11.51,94.64,2024
2024-09-04,24.03,21.15,92.64,2024
2024-09-05,23.93,23.09,93.15,2024
2024-09-06,23.92,11.11,91.92,2024
2024-09-07,23.66,11.12,91.99,2024
2024-09-08,23.74,5.1,92.15,2024
2024-09-09,24.09,7.51,91.36,2024
2024-09-10,23.47,7.52,92.11,2024
2024-09-11,23.32,8.58,91.21,2024
2024-09-12,23.15,5.07,91.38,2024
2024-09-13,22.5,1.71,91.58,2024
2024-09-14,22.81,6.72,90.74,2024
2024-09-15,22.99,8.73,90.23,2024
2024-09-16,22.21,2.06,89.59,2024
2024-09-17,22.09,1.39,89.74,2024
2024-09-18,22.05,0.37,87.24,2024
2024-09-19,22.54,0.01,86.22,2024
2024-09-20,23.34,0.68,87.37,2024
2024-09-21,23.89,4.05,90.1,2024
2024-09-22,24.4,9.86,90.08,2024
2024-09-23,24.71,15.16,91.4,2024
2024-09-24,24.15,25.2,95.37,2024
2024-09-25,23.77,100.15,96.3,2024
2024-09-26,23.77,51.88,94.82,2024
2024-09-27,23.24,28.71,94.27,2024
2024-09-28,23.2,6.87,92.44,2024
2024-09-29,23.47,1.3,91.41,2024
2024-09-30,24.53,0.48,85.15,2024
2024-10-01,25.31,2.06,86.5,2024
2024-10-02,25.54,4.84,88.83,2024
2024-10-03,24.51,0.4,90.25,2024
2024-10-04,23.74,0.08,89.81,2024
2024-10-05,23.61,0.01,87.55,2024
2024-10-06,24.01,4.91,86.84,2024
2024-10-07,24.04,0.13,84.64,2024
2024-10-08,23.94,1.93,86.37,2024
2024-10-09,23.26,4.01,89.96,2024
2024-10-10,23.73,16.72,90.03,2024
2024-10-11,24.3,12.44,89.18,2024
2024-10-12,24.84,0.63,88.64,2024
2024-10-13,25.07,13.13,87.1,2024
2024-10-14,24.73,4.08,86.74,2024
2024-10-15,24.92,11.05,88.38,2024
2024-10-16,24.65,8.67,88.43,2024
2024-10-17,24.32,2.18,89.48,2024
2024-10-18,24.27,3.51,89.17,2024
2024-10-19,24.29,5.57,90.76,2024
2024-10-20,23.57,13.89,86.87,2024
2024-10-21,23.54,1.24,83.91,2024
2024-10-22,24.44,4.49,84.81,2024
2024-10-23,24.11,1.91,86.23,2024
2024-10-24,23.43,0.0,81.69,2024
2024-10-25,22.29,0.0,77.24,2024
2024-10-26,21.89,0.0,80.55,2024
2024-10-27,22.01,0.0,80.11,2024
2024-10-28,22.71,0.0,82.35,2024
2024-10-29,22.64,0.89,80.67,2024
2024-10-30,23.02,0.31,77.42,2024
2024-10-31,23.28,0.07,81.2,2024
2024-11-01,22.89,0.22,79.99,2024
2024-11-02,22.0,0.0,75.39,2024
2024-11-03,21.29,0.0,76.94,2024
2024-11-04,21.4,0.0,78.44,2024
2024-11-05,21.42,0.0,76.49,2024
2024-11-06,21.3,0.0,78.45,2024
2024-11-07,21.04,0.0,80.33,2024
2024-11-08,20.94,0.0,80.28,2024
2024-11-09,20.68,0.0,76.94,2024
2024-11-10,20.72,0.0,80.51,2024
2024-11-11,20.17,0.0,79.02,2024
2024-11-12,19.66,0.0,78.55,2024
2024-11-13,20.34,0.0,80.4,2024
2024-11-14,21.81,0.01,83.32,2024
2024-11-15,21.0,2.59,90.32,2024
2024-11-16,22.68,0.94,80.3,2024
2024-11-17,21.16,0.0,79.14,2024
2024-11-18,18.85,0.0,72.43,2024
2024-11-19,18.15,0.0,76.82,2024
2024-11-20,18.09,0.0,76.09,2024
2024-11-21,18.33,0.0,74.16,2024
2024-11-22,18.59,0.0,74.54,2024
2024-11-23,19.09,0.0,73.01,2024
2024-11-24,18.56,0.0,76.39,2024
2024-11-25,17.81,0.0,75.75,2024
2024-11-26,17.29,0.0,75.7,2024
2024-11-27,17.08,0.0,73.36,2024
2024-11-28,16.86,0.0,72.96,2024
2024-11-29,16.63,0.0,68.85,2024
2024-11-30,18.5,0.0,73.19,2024
2024-12-01,21.11,0.0,85.14,2024
2024-12-02,22.41,0.0,85.93,2024
2024-12-03,23.21,0.14,85.17,2024
2024-12-04,23.79,0.42,84.78,2024
2024-12-05,23.6,0.46,83.41,2024
2024-12-06,23.17,0.05,83.73,2024
2024-12-07,22.03,0.0,80.67,2024
2024-12-08,20.13,0.0,68.78,2024
2024-12-09,17.66,0.0,63.71,2024
2024-12-10,18.0,0.0,62.86,2024
2024-12-11,19.03,0.0,71.53,2024
2024-12-12,18.24,0.0,67.69,2024
2024-12-13,17.44,0.0,67.21,2024
2024-12-14,17.02,0.0,66.06,2024
2024-12-15,17.41,0.0,61.52,2024
2024-12-16,16.96,0.0,52.08,2024
2024-12-17,17.16,0.0,56.32,2024
2024-12-18,18.13,0.0,52.31,2024
2024-12-19,18.88,0.0,63.84,2024
2024-12-20,19.44,0.0,74.28,2024
2024-12-21,19.32,0.0,85.51,2024
2024-12-22,19.88,0.0,86.97,2024
2024-12-23,19.95,0.0,86.94,2024
2024-12-24,19.82,0.0,84.46,2024
2024-12-25,20.21,0.0,78.36,2024
2024-12-26,20.68,0.0,79.04,2024
2024-12-27,20.93,0.01,86.28,2024
2024-12-28,21.86,1.12,84.0,2024
2024-12-29,21.2,0.28,79.04,2024
2024-12-30,21.06,0.0,71.68,2024
2024-12-31,20.79,0.0,69.96,2024
